,name,unmasked_path,class,path_to_cropped_im,path_to_cropped_image,path_to_masked_image
0,mindy_kaling,dataset/celeb_faces_data/train/mindy_kaling/httpssmediacacheakpinimgcomxcccccddbbfedabjpg.jpg,4,dataset/celeb_faces_data/train/mindy_kaling/cropped_httpssmediacacheakpinimgcomxcccccddbbfedabjpg.jpg,dataset/celeb_faces_data/train/mindy_kaling/cropped_httpssmediacacheakpinimgcomxcccccddbbfedabjpg.jpg,dataset/celeb_faces_data/train/mindy_kaling/masked_httpssmediacacheakpinimgcomxcccccddbbfedabjpg.jpg
1,mindy_kaling,dataset/celeb_faces_data/train/mindy_kaling/httpwwwpictureszimbiocomgiMindyKalingLkvEhTwDeJmjpg.jpg,4,dataset/celeb_faces_data/train/mindy_kaling/cropped_httpwwwpictureszimbiocomgiMindyKalingLkvEhTwDeJmjpg.jpg,dataset/celeb_faces_data/train/mindy_kaling/cropped_httpwwwpictureszimbiocomgiMindyKalingLkvEhTwDeJmjpg.jpg,dataset/celeb_faces_data/train/mindy_kaling/masked_httpwwwpictureszimbiocomgiMindyKalingLkvEhTwDeJmjpg.jpg
2,mindy_kaling,dataset/celeb_faces_data/train/mindy_kaling/httpsimagesnasslimagesamazoncomimagesIAQdwKvFILUXjpg.jpg,4,dataset/celeb_faces_data/train/mindy_kaling/cropped_httpsimagesnasslimagesamazoncomimagesIAQdwKvFILUXjpg.jpg,dataset/celeb_faces_data/train/mindy_kaling/cropped_httpsimagesnasslimagesamazoncomimagesIAQdwKvFILUXjpg.jpg,dataset/celeb_faces_data/train/mindy_kaling/masked_httpsimagesnasslimagesamazoncomimagesIAQdwKvFILUXjpg.jpg
3,mindy_kaling,dataset/celeb_faces_data/train/mindy_kaling/httpssmediacacheakpinimgcomxccccdabeaadjpg.jpg,4,dataset/celeb_faces_data/train/mindy_kaling/cropped_httpssmediacacheakpinimgcomxccccdabeaadjpg.jpg,dataset/celeb_faces_data/train/mindy_kaling/cropped_httpssmediacacheakpinimgcomxccccdabeaadjpg.jpg,dataset/celeb_faces_data/train/mindy_kaling/masked_httpssmediacacheakpinimgcomxccccdabeaadjpg.jpg
4,mindy_kaling,dataset/celeb_faces_data/train/mindy_kaling/httpwwwpictureszimbiocomfpMindyKalingfBgaONVFDFmjpg.jpg,4,dataset/celeb_faces_data/train/mindy_kaling/cropped_httpwwwpictureszimbiocomfpMindyKalingfBgaONVFDFmjpg.jpg,dataset/celeb_faces_data/train/mindy_kaling/cropped_httpwwwpictureszimbiocomfpMindyKalingfBgaONVFDFmjpg.jpg,dataset/celeb_faces_data/train/mindy_kaling/masked_httpwwwpictureszimbiocomfpMindyKalingfBgaONVFDFmjpg.jpg
5,mindy_kaling,dataset/celeb_faces_data/train/mindy_kaling/httppixelnymagcomimgsfashiondailymindykalingwhjpg.jpg,4,dataset/celeb_faces_data/train/mindy_kaling/cropped_httppixelnymagcomimgsfashiondailymindykalingwhjpg.jpg,dataset/celeb_faces_data/train/mindy_kaling/cropped_httppixelnymagcomimgsfashiondailymindykalingwhjpg.jpg,dataset/celeb_faces_data/train/mindy_kaling/masked_httppixelnymagcomimgsfashiondailymindykalingwhjpg.jpg
6,mindy_kaling,dataset/celeb_faces_data/train/mindy_kaling/httpwwwadweekcomfilesimagecachenodeinlinemindykalingprofilehedjpg.jpg,4,dataset/celeb_faces_data/train/mindy_kaling/cropped_httpwwwadweekcomfilesimagecachenodeinlinemindykalingprofilehedjpg.jpg,dataset/celeb_faces_data/train/mindy_kaling/cropped_httpwwwadweekcomfilesimagecachenodeinlinemindykalingprofilehedjpg.jpg,dataset/celeb_faces_data/train/mindy_kaling/masked_httpwwwadweekcomfilesimagecachenodeinlinemindykalingprofilehedjpg.jpg
7,mindy_kaling,dataset/celeb_faces_data/train/mindy_kaling/httpmediaonsugarcomfilesbabaaaaaMindyInterviewxxxlargejpg.jpg,4,dataset/celeb_faces_data/train/mindy_kaling/cropped_httpmediaonsugarcomfilesbabaaaaaMindyInterviewxxxlargejpg.jpg,dataset/celeb_faces_data/train/mindy_kaling/cropped_httpmediaonsugarcomfilesbabaaaaaMindyInterviewxxxlargejpg.jpg,dataset/celeb_faces_data/train/mindy_kaling/masked_httpmediaonsugarcomfilesbabaaaaaMindyInterviewxxxlargejpg.jpg
8,mindy_kaling,dataset/celeb_faces_data/train/mindy_kaling/httpssmediacacheakpinimgcomxededbebccdajpg.jpg,4,dataset/celeb_faces_data/train/mindy_kaling/cropped_httpssmediacacheakpinimgcomxededbebccdajpg.jpg,dataset/celeb_faces_data/train/mindy_kaling/cropped_httpssmediacacheakpinimgcomxededbebccdajpg.jpg,dataset/celeb_faces_data/train/mindy_kaling/masked_httpssmediacacheakpinimgcomxededbebccdajpg.jpg
9,mindy_kaling,dataset/celeb_faces_data/train/mindy_kaling/httpsamazonawscomkidzworldphotoimagesbccdddaaadgallerymindykalinggalleryjpg.jpg,4,dataset/celeb_faces_data/train/mindy_kaling/cropped_httpsamazonawscomkidzworldphotoimagesbccdddaaadgallerymindykalinggalleryjpg.jpg,dataset/celeb_faces_data/train/mindy_kaling/cropped_httpsamazonawscomkidzworldphotoimagesbccdddaaadgallerymindykalinggalleryjpg.jpg,dataset/celeb_faces_data/train/mindy_kaling/masked_httpsamazonawscomkidzworldphotoimagesbccdddaaadgallerymindykalinggalleryjpg.jpg
10,mindy_kaling,dataset/celeb_faces_data/train/mindy_kaling/httpwwweonlinecomeolimagesEntireSiteregKalingCancermhjpg.jpg,4,dataset/celeb_faces_data/train/mindy_kaling/cropped_httpwwweonlinecomeolimagesEntireSiteregKalingCancermhjpg.jpg,dataset/celeb_faces_data/train/mindy_kaling/cropped_httpwwweonlinecomeolimagesEntireSiteregKalingCancermhjpg.jpg,dataset/celeb_faces_data/train/mindy_kaling/masked_httpwwweonlinecomeolimagesEntireSiteregKalingCancermhjpg.jpg
11,mindy_kaling,dataset/celeb_faces_data/train/mindy_kaling/httpgonetworthcomwpcontentuploadsthumbsjpg.jpg,4,dataset/celeb_faces_data/train/mindy_kaling/cropped_httpgonetworthcomwpcontentuploadsthumbsjpg.jpg,dataset/celeb_faces_data/train/mindy_kaling/cropped_httpgonetworthcomwpcontentuploadsthumbsjpg.jpg,dataset/celeb_faces_data/train/mindy_kaling/masked_httpgonetworthcomwpcontentuploadsthumbsjpg.jpg
12,mindy_kaling,dataset/celeb_faces_data/train/mindy_kaling/httpsuploadwikimediaorgwikipediacommonsthumbMindyBKalingBPaleyFestBNewBYorkBBMindyBIqZgUWvbljpgpxMindyBKalingBPaleyFestBNewBYorkBBMindyBIqZgUWvbljpg.jpg,4,dataset/celeb_faces_data/train/mindy_kaling/cropped_httpsuploadwikimediaorgwikipediacommonsthumbMindyBKalingBPaleyFestBNewBYorkBBMindyBIqZgUWvbljpgpxMindyBKalingBPaleyFestBNewBYorkBBMindyBIqZgUWvbljpg.jpg,dataset/celeb_faces_data/train/mindy_kaling/cropped_httpsuploadwikimediaorgwikipediacommonsthumbMindyBKalingBPaleyFestBNewBYorkBBMindyBIqZgUWvbljpgpxMindyBKalingBPaleyFestBNewBYorkBBMindyBIqZgUWvbljpg.jpg,dataset/celeb_faces_data/train/mindy_kaling/masked_httpsuploadwikimediaorgwikipediacommonsthumbMindyBKalingBPaleyFestBNewBYorkBBMindyBIqZgUWvbljpgpxMindyBKalingBPaleyFestBNewBYorkBBMindyBIqZgUWvbljpg.jpg
13,mindy_kaling,dataset/celeb_faces_data/train/mindy_kaling/httpssmediacacheakpinimgcomxbbfcbdedfbfdbjpg.jpg,4,dataset/celeb_faces_data/train/mindy_kaling/cropped_httpssmediacacheakpinimgcomxbbfcbdedfbfdbjpg.jpg,dataset/celeb_faces_data/train/mindy_kaling/cropped_httpssmediacacheakpinimgcomxbbfcbdedfbfdbjpg.jpg,dataset/celeb_faces_data/train/mindy_kaling/masked_httpssmediacacheakpinimgcomxbbfcbdedfbfdbjpg.jpg
14,mindy_kaling,dataset/celeb_faces_data/train/mindy_kaling/httpsimgbuzzfeedcombuzzfeedstaticstaticcampaignimageswebdradorableetsyitemsallmindykalingfansneedbigjpg.jpg,4,dataset/celeb_faces_data/train/mindy_kaling/cropped_httpsimgbuzzfeedcombuzzfeedstaticstaticcampaignimageswebdradorableetsyitemsallmindykalingfansneedbigjpg.jpg,dataset/celeb_faces_data/train/mindy_kaling/cropped_httpsimgbuzzfeedcombuzzfeedstaticstaticcampaignimageswebdradorableetsyitemsallmindykalingfansneedbigjpg.jpg,dataset/celeb_faces_data/train/mindy_kaling/masked_httpsimgbuzzfeedcombuzzfeedstaticstaticcampaignimageswebdradorableetsyitemsallmindykalingfansneedbigjpg.jpg
15,mindy_kaling,dataset/celeb_faces_data/train/mindy_kaling/httpwwwimpropercomimagesuploadsusercontentimagesSoroffMindyjpg.jpg,4,dataset/celeb_faces_data/train/mindy_kaling/cropped_httpwwwimpropercomimagesuploadsusercontentimagesSoroffMindyjpg.jpg,dataset/celeb_faces_data/train/mindy_kaling/cropped_httpwwwimpropercomimagesuploadsusercontentimagesSoroffMindyjpg.jpg,dataset/celeb_faces_data/train/mindy_kaling/masked_httpwwwimpropercomimagesuploadsusercontentimagesSoroffMindyjpg.jpg
16,mindy_kaling,dataset/celeb_faces_data/train/mindy_kaling/httpssmediacacheakpinimgcomxeedccadejpg.jpg,4,Nan,Nan,Nan
17,mindy_kaling,dataset/celeb_faces_data/train/mindy_kaling/httpssmediacacheakpinimgcomxbabafeacbaaacabffjpg.jpg,4,dataset/celeb_faces_data/train/mindy_kaling/cropped_httpssmediacacheakpinimgcomxbabafeacbaaacabffjpg.jpg,dataset/celeb_faces_data/train/mindy_kaling/cropped_httpssmediacacheakpinimgcomxbabafeacbaaacabffjpg.jpg,dataset/celeb_faces_data/train/mindy_kaling/masked_httpssmediacacheakpinimgcomxbabafeacbaaacabffjpg.jpg
18,mindy_kaling,dataset/celeb_faces_data/train/mindy_kaling/httpgraphicsnytimescomimagesmagazinekalingkalingarticleInlinejpg.jpg,4,dataset/celeb_faces_data/train/mindy_kaling/cropped_httpgraphicsnytimescomimagesmagazinekalingkalingarticleInlinejpg.jpg,dataset/celeb_faces_data/train/mindy_kaling/cropped_httpgraphicsnytimescomimagesmagazinekalingkalingarticleInlinejpg.jpg,dataset/celeb_faces_data/train/mindy_kaling/masked_httpgraphicsnytimescomimagesmagazinekalingkalingarticleInlinejpg.jpg
19,mindy_kaling,dataset/celeb_faces_data/train/mindy_kaling/httpwwwbooksforbetterlivingcomwpcontentuploadsMindyKalingAuthorPhotojpg.jpg,4,dataset/celeb_faces_data/train/mindy_kaling/cropped_httpwwwbooksforbetterlivingcomwpcontentuploadsMindyKalingAuthorPhotojpg.jpg,dataset/celeb_faces_data/train/mindy_kaling/cropped_httpwwwbooksforbetterlivingcomwpcontentuploadsMindyKalingAuthorPhotojpg.jpg,dataset/celeb_faces_data/train/mindy_kaling/masked_httpwwwbooksforbetterlivingcomwpcontentuploadsMindyKalingAuthorPhotojpg.jpg
20,mindy_kaling,dataset/celeb_faces_data/train/mindy_kaling/httpimagesnymagcomimagesdailymindykalingxjpg.jpg,4,dataset/celeb_faces_data/train/mindy_kaling/cropped_httpimagesnymagcomimagesdailymindykalingxjpg.jpg,dataset/celeb_faces_data/train/mindy_kaling/cropped_httpimagesnymagcomimagesdailymindykalingxjpg.jpg,dataset/celeb_faces_data/train/mindy_kaling/masked_httpimagesnymagcomimagesdailymindykalingxjpg.jpg
21,mindy_kaling,dataset/celeb_faces_data/train/mindy_kaling/httpssmediacacheakpinimgcomxafaffbbbbdbcbdddjpg.jpg,4,dataset/celeb_faces_data/train/mindy_kaling/cropped_httpssmediacacheakpinimgcomxafaffbbbbdbcbdddjpg.jpg,dataset/celeb_faces_data/train/mindy_kaling/cropped_httpssmediacacheakpinimgcomxafaffbbbbdbcbdddjpg.jpg,dataset/celeb_faces_data/train/mindy_kaling/masked_httpssmediacacheakpinimgcomxafaffbbbbdbcbdddjpg.jpg
22,elton_john,dataset/celeb_faces_data/train/elton_john/httpmediacacheecpinimgcomxffeffbcefjpg.jpg,1,dataset/celeb_faces_data/train/elton_john/cropped_httpmediacacheecpinimgcomxffeffbcefjpg.jpg,dataset/celeb_faces_data/train/elton_john/cropped_httpmediacacheecpinimgcomxffeffbcefjpg.jpg,dataset/celeb_faces_data/train/elton_john/masked_httpmediacacheecpinimgcomxffeffbcefjpg.jpg
23,elton_john,dataset/celeb_faces_data/train/elton_john/httpsticketmnettmenusdamabbacdaebeafdbbCUSTOMjpg.jpg,1,Nan,Nan,Nan
24,elton_john,dataset/celeb_faces_data/train/elton_john/httpssmediacacheakpinimgcomxfcfcbaeaeddabbjpg.jpg,1,dataset/celeb_faces_data/train/elton_john/cropped_httpssmediacacheakpinimgcomxfcfcbaeaeddabbjpg.jpg,dataset/celeb_faces_data/train/elton_john/cropped_httpssmediacacheakpinimgcomxfcfcbaeaeddabbjpg.jpg,dataset/celeb_faces_data/train/elton_john/masked_httpssmediacacheakpinimgcomxfcfcbaeaeddabbjpg.jpg
25,elton_john,dataset/celeb_faces_data/train/elton_john/httpwwwjohnpauljonesarenacomeventimagesEltonCalendarVjpg.jpg,1,dataset/celeb_faces_data/train/elton_john/cropped_httpwwwjohnpauljonesarenacomeventimagesEltonCalendarVjpg.jpg,dataset/celeb_faces_data/train/elton_john/cropped_httpwwwjohnpauljonesarenacomeventimagesEltonCalendarVjpg.jpg,dataset/celeb_faces_data/train/elton_john/masked_httpwwwjohnpauljonesarenacomeventimagesEltonCalendarVjpg.jpg
26,elton_john,dataset/celeb_faces_data/train/elton_john/httpimagesmtvcomurimgidfiledocrootvhcomsitewideflipbooksimgdailyjpgenlargefalsemattetruematteColorblackquality.jpg,1,dataset/celeb_faces_data/train/elton_john/cropped_httpimagesmtvcomurimgidfiledocrootvhcomsitewideflipbooksimgdailyjpgenlargefalsemattetruematteColorblackquality.jpg,dataset/celeb_faces_data/train/elton_john/cropped_httpimagesmtvcomurimgidfiledocrootvhcomsitewideflipbooksimgdailyjpgenlargefalsemattetruematteColorblackquality.jpg,dataset/celeb_faces_data/train/elton_john/masked_httpimagesmtvcomurimgidfiledocrootvhcomsitewideflipbooksimgdailyjpgenlargefalsemattetruematteColorblackquality.jpg
27,elton_john,dataset/celeb_faces_data/train/elton_john/httpftqncomymusicLxZeltonjohnjpg.jpg,1,dataset/celeb_faces_data/train/elton_john/cropped_httpftqncomymusicLxZeltonjohnjpg.jpg,dataset/celeb_faces_data/train/elton_john/cropped_httpftqncomymusicLxZeltonjohnjpg.jpg,dataset/celeb_faces_data/train/elton_john/masked_httpftqncomymusicLxZeltonjohnjpg.jpg
28,elton_john,dataset/celeb_faces_data/train/elton_john/httpwwwlautdeEltonJohneltonjohnjpg.jpg,1,dataset/celeb_faces_data/train/elton_john/cropped_httpwwwlautdeEltonJohneltonjohnjpg.jpg,dataset/celeb_faces_data/train/elton_john/cropped_httpwwwlautdeEltonJohneltonjohnjpg.jpg,dataset/celeb_faces_data/train/elton_john/masked_httpwwwlautdeEltonJohneltonjohnjpg.jpg
29,elton_john,dataset/celeb_faces_data/train/elton_john/httpimggalpmdstaticnetfithttpAFFwwwEgalaEfrFvarFgalFstorageFimagesFmediaFmultiuploaddufevrierFeltonjohnFfreFRFeltonjohnEjpgxqualityeltonjohnjpg.jpg,1,dataset/celeb_faces_data/train/elton_john/cropped_httpimggalpmdstaticnetfithttpAFFwwwEgalaEfrFvarFgalFstorageFimagesFmediaFmultiuploaddufevrierFeltonjohnFfreFRFeltonjohnEjpgxqualityeltonjohnjpg.jpg,dataset/celeb_faces_data/train/elton_john/cropped_httpimggalpmdstaticnetfithttpAFFwwwEgalaEfrFvarFgalFstorageFimagesFmediaFmultiuploaddufevrierFeltonjohnFfreFRFeltonjohnEjpgxqualityeltonjohnjpg.jpg,dataset/celeb_faces_data/train/elton_john/masked_httpimggalpmdstaticnetfithttpAFFwwwEgalaEfrFvarFgalFstorageFimagesFmediaFmultiuploaddufevrierFeltonjohnFfreFRFeltonjohnEjpgxqualityeltonjohnjpg.jpg
30,elton_john,dataset/celeb_faces_data/train/elton_john/httpssmediacacheakpinimgcomxfefdacfbfdeadajpg.jpg,1,dataset/celeb_faces_data/train/elton_john/cropped_httpssmediacacheakpinimgcomxfefdacfbfdeadajpg.jpg,dataset/celeb_faces_data/train/elton_john/cropped_httpssmediacacheakpinimgcomxfefdacfbfdeadajpg.jpg,dataset/celeb_faces_data/train/elton_john/masked_httpssmediacacheakpinimgcomxfefdacfbfdeadajpg.jpg
31,elton_john,dataset/celeb_faces_data/train/elton_john/httpwwweonlinecomresizewwweonlinecomeolimagesEntireSitersxEltonJohnJRjpg.jpg,1,dataset/celeb_faces_data/train/elton_john/cropped_httpwwweonlinecomresizewwweonlinecomeolimagesEntireSitersxEltonJohnJRjpg.jpg,dataset/celeb_faces_data/train/elton_john/cropped_httpwwweonlinecomresizewwweonlinecomeolimagesEntireSitersxEltonJohnJRjpg.jpg,dataset/celeb_faces_data/train/elton_john/masked_httpwwweonlinecomresizewwweonlinecomeolimagesEntireSitersxEltonJohnJRjpg.jpg
32,elton_john,dataset/celeb_faces_data/train/elton_john/httpwwwdeadlinecomvimgnetwpcontentuploadseltonjpg.jpg,1,dataset/celeb_faces_data/train/elton_john/cropped_httpwwwdeadlinecomvimgnetwpcontentuploadseltonjpg.jpg,dataset/celeb_faces_data/train/elton_john/cropped_httpwwwdeadlinecomvimgnetwpcontentuploadseltonjpg.jpg,dataset/celeb_faces_data/train/elton_john/masked_httpwwwdeadlinecomvimgnetwpcontentuploadseltonjpg.jpg
33,elton_john,dataset/celeb_faces_data/train/elton_john/httpsuploadwikimediaorgwikipediacommonsthumbEltonJohninsjpgpxEltonJohninsjpg.jpg,1,dataset/celeb_faces_data/train/elton_john/cropped_httpsuploadwikimediaorgwikipediacommonsthumbEltonJohninsjpgpxEltonJohninsjpg.jpg,dataset/celeb_faces_data/train/elton_john/cropped_httpsuploadwikimediaorgwikipediacommonsthumbEltonJohninsjpgpxEltonJohninsjpg.jpg,dataset/celeb_faces_data/train/elton_john/masked_httpsuploadwikimediaorgwikipediacommonsthumbEltonJohninsjpgpxEltonJohninsjpg.jpg
34,elton_john,dataset/celeb_faces_data/train/elton_john/httpspmctvlinefileswordpresscomeltonjohnjpg.jpg,1,dataset/celeb_faces_data/train/elton_john/cropped_httpspmctvlinefileswordpresscomeltonjohnjpg.jpg,dataset/celeb_faces_data/train/elton_john/cropped_httpspmctvlinefileswordpresscomeltonjohnjpg.jpg,dataset/celeb_faces_data/train/elton_john/masked_httpspmctvlinefileswordpresscomeltonjohnjpg.jpg
35,elton_john,dataset/celeb_faces_data/train/elton_john/httpssmediacacheakpinimgcomxfecfecaefaadfebejpg.jpg,1,dataset/celeb_faces_data/train/elton_john/cropped_httpssmediacacheakpinimgcomxfecfecaefaadfebejpg.jpg,dataset/celeb_faces_data/train/elton_john/cropped_httpssmediacacheakpinimgcomxfecfecaefaadfebejpg.jpg,dataset/celeb_faces_data/train/elton_john/masked_httpssmediacacheakpinimgcomxfecfecaefaadfebejpg.jpg
36,elton_john,dataset/celeb_faces_data/train/elton_john/httpsdfrpwlycscloudfrontnetdeltonjohnjpg.jpg,1,Nan,Nan,Nan
37,elton_john,dataset/celeb_faces_data/train/elton_john/httpmediapopsugarassetscomfilescbffewltonjpg.jpg,1,dataset/celeb_faces_data/train/elton_john/cropped_httpmediapopsugarassetscomfilescbffewltonjpg.jpg,dataset/celeb_faces_data/train/elton_john/cropped_httpmediapopsugarassetscomfilescbffewltonjpg.jpg,dataset/celeb_faces_data/train/elton_john/masked_httpmediapopsugarassetscomfilescbffewltonjpg.jpg
38,elton_john,dataset/celeb_faces_data/train/elton_john/httpiamediaimdbcomimagesMMVBMTAxNDUMzUwOTdeQTJeQWpwZBbWUMDUOTAyNTIVUXCRALjpg.jpg,1,dataset/celeb_faces_data/train/elton_john/cropped_httpiamediaimdbcomimagesMMVBMTAxNDUMzUwOTdeQTJeQWpwZBbWUMDUOTAyNTIVUXCRALjpg.jpg,dataset/celeb_faces_data/train/elton_john/cropped_httpiamediaimdbcomimagesMMVBMTAxNDUMzUwOTdeQTJeQWpwZBbWUMDUOTAyNTIVUXCRALjpg.jpg,dataset/celeb_faces_data/train/elton_john/masked_httpiamediaimdbcomimagesMMVBMTAxNDUMzUwOTdeQTJeQWpwZBbWUMDUOTAyNTIVUXCRALjpg.jpg
39,ben_afflek,dataset/celeb_faces_data/train/ben_afflek/httpimagesfandangocomrImageRendererredesignstaticimgnoxportraitjpgpcpcpcimagesmasterrepositoryperformerimagespjpg.jpg,0,dataset/celeb_faces_data/train/ben_afflek/cropped_httpimagesfandangocomrImageRendererredesignstaticimgnoxportraitjpgpcpcpcimagesmasterrepositoryperformerimagespjpg.jpg,dataset/celeb_faces_data/train/ben_afflek/cropped_httpimagesfandangocomrImageRendererredesignstaticimgnoxportraitjpgpcpcpcimagesmasterrepositoryperformerimagespjpg.jpg,dataset/celeb_faces_data/train/ben_afflek/masked_httpimagesfandangocomrImageRendererredesignstaticimgnoxportraitjpgpcpcpcimagesmasterrepositoryperformerimagespjpg.jpg
40,ben_afflek,dataset/celeb_faces_data/train/ben_afflek/httpssmediacacheakpinimgcomxeebdfdbaaajpg.jpg,0,dataset/celeb_faces_data/train/ben_afflek/cropped_httpssmediacacheakpinimgcomxeebdfdbaaajpg.jpg,dataset/celeb_faces_data/train/ben_afflek/cropped_httpssmediacacheakpinimgcomxeebdfdbaaajpg.jpg,dataset/celeb_faces_data/train/ben_afflek/masked_httpssmediacacheakpinimgcomxeebdfdbaaajpg.jpg
41,ben_afflek,dataset/celeb_faces_data/train/ben_afflek/httpssmediacacheakpinimgcomxdbbdbbbececacdecdcdfjpg.jpg,0,dataset/celeb_faces_data/train/ben_afflek/cropped_httpssmediacacheakpinimgcomxdbbdbbbececacdecdcdfjpg.jpg,dataset/celeb_faces_data/train/ben_afflek/cropped_httpssmediacacheakpinimgcomxdbbdbbbececacdecdcdfjpg.jpg,dataset/celeb_faces_data/train/ben_afflek/masked_httpssmediacacheakpinimgcomxdbbdbbbececacdecdcdfjpg.jpg
42,ben_afflek,dataset/celeb_faces_data/train/ben_afflek/httpcsvkmeuaeccjpg.jpg,0,dataset/celeb_faces_data/train/ben_afflek/cropped_httpcsvkmeuaeccjpg.jpg,dataset/celeb_faces_data/train/ben_afflek/cropped_httpcsvkmeuaeccjpg.jpg,dataset/celeb_faces_data/train/ben_afflek/masked_httpcsvkmeuaeccjpg.jpg
43,ben_afflek,dataset/celeb_faces_data/train/ben_afflek/httpwwwhillsindcomstorebenjpg.jpg,0,dataset/celeb_faces_data/train/ben_afflek/cropped_httpwwwhillsindcomstorebenjpg.jpg,dataset/celeb_faces_data/train/ben_afflek/cropped_httpwwwhillsindcomstorebenjpg.jpg,dataset/celeb_faces_data/train/ben_afflek/masked_httpwwwhillsindcomstorebenjpg.jpg
44,ben_afflek,dataset/celeb_faces_data/train/ben_afflek/httptrwebimgacstanetcxbdddmediasnmediajpg.jpg,0,dataset/celeb_faces_data/train/ben_afflek/cropped_httptrwebimgacstanetcxbdddmediasnmediajpg.jpg,dataset/celeb_faces_data/train/ben_afflek/cropped_httptrwebimgacstanetcxbdddmediasnmediajpg.jpg,dataset/celeb_faces_data/train/ben_afflek/masked_httptrwebimgacstanetcxbdddmediasnmediajpg.jpg
45,ben_afflek,dataset/celeb_faces_data/train/ben_afflek/httpwwwrumenewscomwpcontentuploadsbenafflekxpng.jpg,0,dataset/celeb_faces_data/train/ben_afflek/cropped_httpwwwrumenewscomwpcontentuploadsbenafflekxpng.jpg,dataset/celeb_faces_data/train/ben_afflek/cropped_httpwwwrumenewscomwpcontentuploadsbenafflekxpng.jpg,dataset/celeb_faces_data/train/ben_afflek/masked_httpwwwrumenewscomwpcontentuploadsbenafflekxpng.jpg
46,ben_afflek,dataset/celeb_faces_data/train/ben_afflek/httpssmediacacheakpinimgcomxdfdfadcfeabjpg.jpg,0,dataset/celeb_faces_data/train/ben_afflek/cropped_httpssmediacacheakpinimgcomxdfdfadcfeabjpg.jpg,dataset/celeb_faces_data/train/ben_afflek/cropped_httpssmediacacheakpinimgcomxdfdfadcfeabjpg.jpg,dataset/celeb_faces_data/train/ben_afflek/masked_httpssmediacacheakpinimgcomxdfdfadcfeabjpg.jpg
47,ben_afflek,dataset/celeb_faces_data/train/ben_afflek/httpwwwaceshowbizcomimagesphotobenaffleckjpg.jpg,0,dataset/celeb_faces_data/train/ben_afflek/cropped_httpwwwaceshowbizcomimagesphotobenaffleckjpg.jpg,dataset/celeb_faces_data/train/ben_afflek/cropped_httpwwwaceshowbizcomimagesphotobenaffleckjpg.jpg,dataset/celeb_faces_data/train/ben_afflek/masked_httpwwwaceshowbizcomimagesphotobenaffleckjpg.jpg
48,ben_afflek,dataset/celeb_faces_data/train/ben_afflek/httpssmediacacheakpinimgcomxeeedcacddeccccacfjpg.jpg,0,Nan,Nan,Nan
49,ben_afflek,dataset/celeb_faces_data/train/ben_afflek/httpsuploadwikimediaorgwikipediacommonsthumbddBenAffleckbyGageSkidmorejpgpxBenAffleckbyGageSkidmorejpg.jpg,0,dataset/celeb_faces_data/train/ben_afflek/cropped_httpsuploadwikimediaorgwikipediacommonsthumbddBenAffleckbyGageSkidmorejpgpxBenAffleckbyGageSkidmorejpg.jpg,dataset/celeb_faces_data/train/ben_afflek/cropped_httpsuploadwikimediaorgwikipediacommonsthumbddBenAffleckbyGageSkidmorejpgpxBenAffleckbyGageSkidmorejpg.jpg,dataset/celeb_faces_data/train/ben_afflek/masked_httpsuploadwikimediaorgwikipediacommonsthumbddBenAffleckbyGageSkidmorejpgpxBenAffleckbyGageSkidmorejpg.jpg
50,ben_afflek,dataset/celeb_faces_data/train/ben_afflek/httpwwwallposterscomimagesPostersPFjpg.jpg,0,dataset/celeb_faces_data/train/ben_afflek/cropped_httpwwwallposterscomimagesPostersPFjpg.jpg,dataset/celeb_faces_data/train/ben_afflek/cropped_httpwwwallposterscomimagesPostersPFjpg.jpg,dataset/celeb_faces_data/train/ben_afflek/masked_httpwwwallposterscomimagesPostersPFjpg.jpg
51,ben_afflek,dataset/celeb_faces_data/train/ben_afflek/httpssmediacacheakpinimgcomxedaedabcbefbcbabbjpg.jpg,0,dataset/celeb_faces_data/train/ben_afflek/cropped_httpssmediacacheakpinimgcomxedaedabcbefbcbabbjpg.jpg,dataset/celeb_faces_data/train/ben_afflek/cropped_httpssmediacacheakpinimgcomxedaedabcbefbcbabbjpg.jpg,dataset/celeb_faces_data/train/ben_afflek/masked_httpssmediacacheakpinimgcomxedaedabcbefbcbabbjpg.jpg
52,ben_afflek,dataset/celeb_faces_data/train/ben_afflek/httpwwwfilmscoopitcgibinattoriBENAFFLECKBENAFFLECKjpg.jpg,0,dataset/celeb_faces_data/train/ben_afflek/cropped_httpwwwfilmscoopitcgibinattoriBENAFFLECKBENAFFLECKjpg.jpg,dataset/celeb_faces_data/train/ben_afflek/cropped_httpwwwfilmscoopitcgibinattoriBENAFFLECKBENAFFLECKjpg.jpg,dataset/celeb_faces_data/train/ben_afflek/masked_httpwwwfilmscoopitcgibinattoriBENAFFLECKBENAFFLECKjpg.jpg
53,jerry_seinfeld,dataset/celeb_faces_data/train/jerry_seinfeld/httpswwwticketscomuploadsartistsjerryseinfeldbilletsjpg.jpg,2,dataset/celeb_faces_data/train/jerry_seinfeld/cropped_httpswwwticketscomuploadsartistsjerryseinfeldbilletsjpg.jpg,dataset/celeb_faces_data/train/jerry_seinfeld/cropped_httpswwwticketscomuploadsartistsjerryseinfeldbilletsjpg.jpg,dataset/celeb_faces_data/train/jerry_seinfeld/masked_httpswwwticketscomuploadsartistsjerryseinfeldbilletsjpg.jpg
54,jerry_seinfeld,dataset/celeb_faces_data/train/jerry_seinfeld/httpwwweonlinecomresizewwweonlinecomeolimagesEntireSitersxjerryseinfeldjulialouisdreyfusjwjpg.jpg,2,dataset/celeb_faces_data/train/jerry_seinfeld/cropped_httpwwweonlinecomresizewwweonlinecomeolimagesEntireSitersxjerryseinfeldjulialouisdreyfusjwjpg.jpg,dataset/celeb_faces_data/train/jerry_seinfeld/cropped_httpwwweonlinecomresizewwweonlinecomeolimagesEntireSitersxjerryseinfeldjulialouisdreyfusjwjpg.jpg,dataset/celeb_faces_data/train/jerry_seinfeld/masked_httpwwweonlinecomresizewwweonlinecomeolimagesEntireSitersxjerryseinfeldjulialouisdreyfusjwjpg.jpg
55,jerry_seinfeld,dataset/celeb_faces_data/train/jerry_seinfeld/httpsuploadwikimediaorgwikipediacommonsthumbbJerrySeinfeldjpgpxJerrySeinfeldjpg.jpg,2,dataset/celeb_faces_data/train/jerry_seinfeld/cropped_httpsuploadwikimediaorgwikipediacommonsthumbbJerrySeinfeldjpgpxJerrySeinfeldjpg.jpg,dataset/celeb_faces_data/train/jerry_seinfeld/cropped_httpsuploadwikimediaorgwikipediacommonsthumbbJerrySeinfeldjpgpxJerrySeinfeldjpg.jpg,dataset/celeb_faces_data/train/jerry_seinfeld/masked_httpsuploadwikimediaorgwikipediacommonsthumbbJerrySeinfeldjpgpxJerrySeinfeldjpg.jpg
56,jerry_seinfeld,dataset/celeb_faces_data/train/jerry_seinfeld/httpimgthedrumcomsfspublicnewstmpjerryseinfeldjpg.jpg,2,dataset/celeb_faces_data/train/jerry_seinfeld/cropped_httpimgthedrumcomsfspublicnewstmpjerryseinfeldjpg.jpg,dataset/celeb_faces_data/train/jerry_seinfeld/cropped_httpimgthedrumcomsfspublicnewstmpjerryseinfeldjpg.jpg,dataset/celeb_faces_data/train/jerry_seinfeld/masked_httpimgthedrumcomsfspublicnewstmpjerryseinfeldjpg.jpg
57,jerry_seinfeld,dataset/celeb_faces_data/train/jerry_seinfeld/httpgraphicsnytimescomimagessectionmoviesfilmographyWireImagejpg.jpg,2,dataset/celeb_faces_data/train/jerry_seinfeld/cropped_httpgraphicsnytimescomimagessectionmoviesfilmographyWireImagejpg.jpg,dataset/celeb_faces_data/train/jerry_seinfeld/cropped_httpgraphicsnytimescomimagessectionmoviesfilmographyWireImagejpg.jpg,dataset/celeb_faces_data/train/jerry_seinfeld/masked_httpgraphicsnytimescomimagessectionmoviesfilmographyWireImagejpg.jpg
58,jerry_seinfeld,dataset/celeb_faces_data/train/jerry_seinfeld/httpwwwwatchidcomsitesdefaultfilesuploadsightingBreitlingwatchJerrySeinfeldjpg.jpg,2,dataset/celeb_faces_data/train/jerry_seinfeld/cropped_httpwwwwatchidcomsitesdefaultfilesuploadsightingBreitlingwatchJerrySeinfeldjpg.jpg,dataset/celeb_faces_data/train/jerry_seinfeld/cropped_httpwwwwatchidcomsitesdefaultfilesuploadsightingBreitlingwatchJerrySeinfeldjpg.jpg,dataset/celeb_faces_data/train/jerry_seinfeld/masked_httpwwwwatchidcomsitesdefaultfilesuploadsightingBreitlingwatchJerrySeinfeldjpg.jpg
59,jerry_seinfeld,dataset/celeb_faces_data/train/jerry_seinfeld/httpimagescontactmusiccomnewsimagesjerryseinfeldjpg.jpg,2,dataset/celeb_faces_data/train/jerry_seinfeld/cropped_httpimagescontactmusiccomnewsimagesjerryseinfeldjpg.jpg,dataset/celeb_faces_data/train/jerry_seinfeld/cropped_httpimagescontactmusiccomnewsimagesjerryseinfeldjpg.jpg,dataset/celeb_faces_data/train/jerry_seinfeld/masked_httpimagescontactmusiccomnewsimagesjerryseinfeldjpg.jpg
60,jerry_seinfeld,dataset/celeb_faces_data/train/jerry_seinfeld/httpsuswestamazonawscomblogsprodmediausuploadsJerrySeinfeldkidsxjpg.jpg,2,dataset/celeb_faces_data/train/jerry_seinfeld/cropped_httpsuswestamazonawscomblogsprodmediausuploadsJerrySeinfeldkidsxjpg.jpg,dataset/celeb_faces_data/train/jerry_seinfeld/cropped_httpsuswestamazonawscomblogsprodmediausuploadsJerrySeinfeldkidsxjpg.jpg,dataset/celeb_faces_data/train/jerry_seinfeld/masked_httpsuswestamazonawscomblogsprodmediausuploadsJerrySeinfeldkidsxjpg.jpg
61,jerry_seinfeld,dataset/celeb_faces_data/train/jerry_seinfeld/httpwwwpictureszimbiocomgpJerrySeinfeldJessicaSeinfeldmarriedBczSipMdNMQljpg.jpg,2,dataset/celeb_faces_data/train/jerry_seinfeld/cropped_httpwwwpictureszimbiocomgpJerrySeinfeldJessicaSeinfeldmarriedBczSipMdNMQljpg.jpg,dataset/celeb_faces_data/train/jerry_seinfeld/cropped_httpwwwpictureszimbiocomgpJerrySeinfeldJessicaSeinfeldmarriedBczSipMdNMQljpg.jpg,dataset/celeb_faces_data/train/jerry_seinfeld/masked_httpwwwpictureszimbiocomgpJerrySeinfeldJessicaSeinfeldmarriedBczSipMdNMQljpg.jpg
62,jerry_seinfeld,dataset/celeb_faces_data/train/jerry_seinfeld/httpimagesrottentomatoescomimagesspotlightsnewsjerryseinfeldjpg.jpg,2,dataset/celeb_faces_data/train/jerry_seinfeld/cropped_httpimagesrottentomatoescomimagesspotlightsnewsjerryseinfeldjpg.jpg,dataset/celeb_faces_data/train/jerry_seinfeld/cropped_httpimagesrottentomatoescomimagesspotlightsnewsjerryseinfeldjpg.jpg,dataset/celeb_faces_data/train/jerry_seinfeld/masked_httpimagesrottentomatoescomimagesspotlightsnewsjerryseinfeldjpg.jpg
63,jerry_seinfeld,dataset/celeb_faces_data/train/jerry_seinfeld/httpimgtimeincnetpeopleinewsjerryseinfeldjpg.jpg,2,dataset/celeb_faces_data/train/jerry_seinfeld/cropped_httpimgtimeincnetpeopleinewsjerryseinfeldjpg.jpg,dataset/celeb_faces_data/train/jerry_seinfeld/cropped_httpimgtimeincnetpeopleinewsjerryseinfeldjpg.jpg,dataset/celeb_faces_data/train/jerry_seinfeld/masked_httpimgtimeincnetpeopleinewsjerryseinfeldjpg.jpg
64,jerry_seinfeld,dataset/celeb_faces_data/train/jerry_seinfeld/httpikinjaimgcomgawkermediaimageuploadsWmIuhdsrcedidjpgjpg.jpg,2,dataset/celeb_faces_data/train/jerry_seinfeld/cropped_httpikinjaimgcomgawkermediaimageuploadsWmIuhdsrcedidjpgjpg.jpg,dataset/celeb_faces_data/train/jerry_seinfeld/cropped_httpikinjaimgcomgawkermediaimageuploadsWmIuhdsrcedidjpgjpg.jpg,dataset/celeb_faces_data/train/jerry_seinfeld/masked_httpikinjaimgcomgawkermediaimageuploadsWmIuhdsrcedidjpgjpg.jpg
65,jerry_seinfeld,dataset/celeb_faces_data/train/jerry_seinfeld/httpsrobertaccetturacomwpcontentuploadsjerryseinfeldheadshotjpg.jpg,2,dataset/celeb_faces_data/train/jerry_seinfeld/cropped_httpsrobertaccetturacomwpcontentuploadsjerryseinfeldheadshotjpg.jpg,dataset/celeb_faces_data/train/jerry_seinfeld/cropped_httpsrobertaccetturacomwpcontentuploadsjerryseinfeldheadshotjpg.jpg,dataset/celeb_faces_data/train/jerry_seinfeld/masked_httpsrobertaccetturacomwpcontentuploadsjerryseinfeldheadshotjpg.jpg
66,jerry_seinfeld,dataset/celeb_faces_data/train/jerry_seinfeld/httpmediapopsugarassetscomfilesusersxlargejpg.jpg,2,dataset/celeb_faces_data/train/jerry_seinfeld/cropped_httpmediapopsugarassetscomfilesusersxlargejpg.jpg,dataset/celeb_faces_data/train/jerry_seinfeld/cropped_httpmediapopsugarassetscomfilesusersxlargejpg.jpg,dataset/celeb_faces_data/train/jerry_seinfeld/masked_httpmediapopsugarassetscomfilesusersxlargejpg.jpg
67,jerry_seinfeld,dataset/celeb_faces_data/train/jerry_seinfeld/httpwwwpsychiatrictimescomsitesdefaultfilesimagesmediaPTMofficSeinfeldjpg.jpg,2,dataset/celeb_faces_data/train/jerry_seinfeld/cropped_httpwwwpsychiatrictimescomsitesdefaultfilesimagesmediaPTMofficSeinfeldjpg.jpg,dataset/celeb_faces_data/train/jerry_seinfeld/cropped_httpwwwpsychiatrictimescomsitesdefaultfilesimagesmediaPTMofficSeinfeldjpg.jpg,dataset/celeb_faces_data/train/jerry_seinfeld/masked_httpwwwpsychiatrictimescomsitesdefaultfilesimagesmediaPTMofficSeinfeldjpg.jpg
68,jerry_seinfeld,dataset/celeb_faces_data/train/jerry_seinfeld/httpwwwslatecomcontentdamslateblogsbrowbeatseinfeldjpgCROParticlemediumjpg.jpg,2,dataset/celeb_faces_data/train/jerry_seinfeld/cropped_httpwwwslatecomcontentdamslateblogsbrowbeatseinfeldjpgCROParticlemediumjpg.jpg,dataset/celeb_faces_data/train/jerry_seinfeld/cropped_httpwwwslatecomcontentdamslateblogsbrowbeatseinfeldjpgCROParticlemediumjpg.jpg,dataset/celeb_faces_data/train/jerry_seinfeld/masked_httpwwwslatecomcontentdamslateblogsbrowbeatseinfeldjpgCROParticlemediumjpg.jpg
69,jerry_seinfeld,dataset/celeb_faces_data/train/jerry_seinfeld/httppfodcompchannelslegacyprofilejerryseinfeldpodcastjpg.jpg,2,dataset/celeb_faces_data/train/jerry_seinfeld/cropped_httppfodcompchannelslegacyprofilejerryseinfeldpodcastjpg.jpg,dataset/celeb_faces_data/train/jerry_seinfeld/cropped_httppfodcompchannelslegacyprofilejerryseinfeldpodcastjpg.jpg,dataset/celeb_faces_data/train/jerry_seinfeld/masked_httppfodcompchannelslegacyprofilejerryseinfeldpodcastjpg.jpg
70,jerry_seinfeld,dataset/celeb_faces_data/train/jerry_seinfeld/httpwwwnndbcompeoplejerryseinfeldaujpg.jpg,2,dataset/celeb_faces_data/train/jerry_seinfeld/cropped_httpwwwnndbcompeoplejerryseinfeldaujpg.jpg,dataset/celeb_faces_data/train/jerry_seinfeld/cropped_httpwwwnndbcompeoplejerryseinfeldaujpg.jpg,dataset/celeb_faces_data/train/jerry_seinfeld/masked_httpwwwnndbcompeoplejerryseinfeldaujpg.jpg
71,jerry_seinfeld,dataset/celeb_faces_data/train/jerry_seinfeld/httpstatictherichestimagescomcdncwpcontentuploadsJerrySeinfeldjpg.jpg,2,dataset/celeb_faces_data/train/jerry_seinfeld/cropped_httpstatictherichestimagescomcdncwpcontentuploadsJerrySeinfeldjpg.jpg,dataset/celeb_faces_data/train/jerry_seinfeld/cropped_httpstatictherichestimagescomcdncwpcontentuploadsJerrySeinfeldjpg.jpg,dataset/celeb_faces_data/train/jerry_seinfeld/masked_httpstatictherichestimagescomcdncwpcontentuploadsJerrySeinfeldjpg.jpg
72,jerry_seinfeld,dataset/celeb_faces_data/train/jerry_seinfeld/httpsmedialivenationcomartiststapjpg.jpg,2,dataset/celeb_faces_data/train/jerry_seinfeld/cropped_httpsmedialivenationcomartiststapjpg.jpg,dataset/celeb_faces_data/train/jerry_seinfeld/cropped_httpsmedialivenationcomartiststapjpg.jpg,dataset/celeb_faces_data/train/jerry_seinfeld/masked_httpsmedialivenationcomartiststapjpg.jpg
73,jerry_seinfeld,dataset/celeb_faces_data/train/jerry_seinfeld/httpsticketmnettmenusdbimagesajpg.jpg,2,dataset/celeb_faces_data/train/jerry_seinfeld/cropped_httpsticketmnettmenusdbimagesajpg.jpg,dataset/celeb_faces_data/train/jerry_seinfeld/cropped_httpsticketmnettmenusdbimagesajpg.jpg,dataset/celeb_faces_data/train/jerry_seinfeld/masked_httpsticketmnettmenusdbimagesajpg.jpg
74,madonna,dataset/celeb_faces_data/train/madonna/httpimgclosermagfrvarclosermagstorageimagesactupeoplebiodestarsmadonnamadonnafreFRmadonnaexactxljpg.jpg,3,dataset/celeb_faces_data/train/madonna/cropped_httpimgclosermagfrvarclosermagstorageimagesactupeoplebiodestarsmadonnamadonnafreFRmadonnaexactxljpg.jpg,dataset/celeb_faces_data/train/madonna/cropped_httpimgclosermagfrvarclosermagstorageimagesactupeoplebiodestarsmadonnamadonnafreFRmadonnaexactxljpg.jpg,dataset/celeb_faces_data/train/madonna/masked_httpimgclosermagfrvarclosermagstorageimagesactupeoplebiodestarsmadonnamadonnafreFRmadonnaexactxljpg.jpg
75,madonna,dataset/celeb_faces_data/train/madonna/httpwwwblackdogfilmscomwordpresswpcontentuploadsmadonnacelebrationxjpg.jpg,3,dataset/celeb_faces_data/train/madonna/cropped_httpwwwblackdogfilmscomwordpresswpcontentuploadsmadonnacelebrationxjpg.jpg,dataset/celeb_faces_data/train/madonna/cropped_httpwwwblackdogfilmscomwordpresswpcontentuploadsmadonnacelebrationxjpg.jpg,dataset/celeb_faces_data/train/madonna/masked_httpwwwblackdogfilmscomwordpresswpcontentuploadsmadonnacelebrationxjpg.jpg
76,madonna,dataset/celeb_faces_data/train/madonna/httpwwwetonlinecomphotomadonnabdayjpg.jpg,3,dataset/celeb_faces_data/train/madonna/cropped_httpwwwetonlinecomphotomadonnabdayjpg.jpg,dataset/celeb_faces_data/train/madonna/cropped_httpwwwetonlinecomphotomadonnabdayjpg.jpg,dataset/celeb_faces_data/train/madonna/masked_httpwwwetonlinecomphotomadonnabdayjpg.jpg
77,madonna,dataset/celeb_faces_data/train/madonna/httpssmediacacheakpinimgcomxdcfdcfedfaedadjpg.jpg,3,dataset/celeb_faces_data/train/madonna/cropped_httpssmediacacheakpinimgcomxdcfdcfedfaedadjpg.jpg,dataset/celeb_faces_data/train/madonna/cropped_httpssmediacacheakpinimgcomxdcfdcfedfaedadjpg.jpg,dataset/celeb_faces_data/train/madonna/masked_httpssmediacacheakpinimgcomxdcfdcfedfaedadjpg.jpg
78,madonna,dataset/celeb_faces_data/train/madonna/httpmediavoguecomrwblondesdarkbrowsmadonnajpg.jpg,3,dataset/celeb_faces_data/train/madonna/cropped_httpmediavoguecomrwblondesdarkbrowsmadonnajpg.jpg,dataset/celeb_faces_data/train/madonna/cropped_httpmediavoguecomrwblondesdarkbrowsmadonnajpg.jpg,dataset/celeb_faces_data/train/madonna/masked_httpmediavoguecomrwblondesdarkbrowsmadonnajpg.jpg
79,madonna,dataset/celeb_faces_data/train/madonna/httpwwwbeastiemaniacomwhoismadonnamadonnajpg.jpg,3,dataset/celeb_faces_data/train/madonna/cropped_httpwwwbeastiemaniacomwhoismadonnamadonnajpg.jpg,dataset/celeb_faces_data/train/madonna/cropped_httpwwwbeastiemaniacomwhoismadonnamadonnajpg.jpg,dataset/celeb_faces_data/train/madonna/masked_httpwwwbeastiemaniacomwhoismadonnamadonnajpg.jpg
80,madonna,dataset/celeb_faces_data/train/madonna/httpresizeparismatchladmediafrrffffffcentermiddleimgvarnewsstorageimagesparismatchpeopleazmadonnafreFRMadonnajpg.jpg,3,dataset/celeb_faces_data/train/madonna/cropped_httpresizeparismatchladmediafrrffffffcentermiddleimgvarnewsstorageimagesparismatchpeopleazmadonnafreFRMadonnajpg.jpg,dataset/celeb_faces_data/train/madonna/cropped_httpresizeparismatchladmediafrrffffffcentermiddleimgvarnewsstorageimagesparismatchpeopleazmadonnafreFRMadonnajpg.jpg,dataset/celeb_faces_data/train/madonna/masked_httpresizeparismatchladmediafrrffffffcentermiddleimgvarnewsstorageimagesparismatchpeopleazmadonnafreFRMadonnajpg.jpg
81,madonna,dataset/celeb_faces_data/train/madonna/httpsuploadwikimediaorgwikipediacommonsthumbaaMadonnaatthepremiereofIAmBecauseWeArejpgpxMadonnaatthepremiereofIAmBecauseWeArejpg.jpg,3,dataset/celeb_faces_data/train/madonna/cropped_httpsuploadwikimediaorgwikipediacommonsthumbaaMadonnaatthepremiereofIAmBecauseWeArejpgpxMadonnaatthepremiereofIAmBecauseWeArejpg.jpg,dataset/celeb_faces_data/train/madonna/cropped_httpsuploadwikimediaorgwikipediacommonsthumbaaMadonnaatthepremiereofIAmBecauseWeArejpgpxMadonnaatthepremiereofIAmBecauseWeArejpg.jpg,dataset/celeb_faces_data/train/madonna/masked_httpsuploadwikimediaorgwikipediacommonsthumbaaMadonnaatthepremiereofIAmBecauseWeArejpgpxMadonnaatthepremiereofIAmBecauseWeArejpg.jpg
82,madonna,dataset/celeb_faces_data/train/madonna/httpssmediacacheakpinimgcomxafafedebcbjpg.jpg,3,Nan,Nan,Nan
83,madonna,dataset/celeb_faces_data/train/madonna/httpuploadwikimediaorgwikipediacommonsthumbaMadonnaRotterdamjpgpxMadonnaRotterdamjpg.jpg,3,dataset/celeb_faces_data/train/madonna/cropped_httpuploadwikimediaorgwikipediacommonsthumbaMadonnaRotterdamjpgpxMadonnaRotterdamjpg.jpg,dataset/celeb_faces_data/train/madonna/cropped_httpuploadwikimediaorgwikipediacommonsthumbaMadonnaRotterdamjpgpxMadonnaRotterdamjpg.jpg,dataset/celeb_faces_data/train/madonna/masked_httpuploadwikimediaorgwikipediacommonsthumbaMadonnaRotterdamjpgpxMadonnaRotterdamjpg.jpg
84,madonna,dataset/celeb_faces_data/train/madonna/httpsuploadwikimediaorgwikipediacommonsMadonnathAnnualGoldenGlobesAwardscroppedjpg.jpg,3,dataset/celeb_faces_data/train/madonna/cropped_httpsuploadwikimediaorgwikipediacommonsMadonnathAnnualGoldenGlobesAwardscroppedjpg.jpg,dataset/celeb_faces_data/train/madonna/cropped_httpsuploadwikimediaorgwikipediacommonsMadonnathAnnualGoldenGlobesAwardscroppedjpg.jpg,dataset/celeb_faces_data/train/madonna/masked_httpsuploadwikimediaorgwikipediacommonsMadonnathAnnualGoldenGlobesAwardscroppedjpg.jpg
85,madonna,dataset/celeb_faces_data/train/madonna/httpssmediacacheakpinimgcomxfeebfdccajpg.jpg,3,dataset/celeb_faces_data/train/madonna/cropped_httpssmediacacheakpinimgcomxfeebfdccajpg.jpg,dataset/celeb_faces_data/train/madonna/cropped_httpssmediacacheakpinimgcomxfeebfdccajpg.jpg,dataset/celeb_faces_data/train/madonna/masked_httpssmediacacheakpinimgcomxfeebfdccajpg.jpg
86,madonna,dataset/celeb_faces_data/train/madonna/httpssmediacacheakpinimgcomxffecfafddjpg.jpg,3,dataset/celeb_faces_data/train/madonna/cropped_httpssmediacacheakpinimgcomxffecfafddjpg.jpg,dataset/celeb_faces_data/train/madonna/cropped_httpssmediacacheakpinimgcomxffecfafddjpg.jpg,dataset/celeb_faces_data/train/madonna/masked_httpssmediacacheakpinimgcomxffecfafddjpg.jpg
87,madonna,dataset/celeb_faces_data/train/madonna/httpimagegaladevcmseamadonnaprivatdetektivsquaretopsquarejpgv.jpg,3,dataset/celeb_faces_data/train/madonna/cropped_httpimagegaladevcmseamadonnaprivatdetektivsquaretopsquarejpgv.jpg,dataset/celeb_faces_data/train/madonna/cropped_httpimagegaladevcmseamadonnaprivatdetektivsquaretopsquarejpgv.jpg,dataset/celeb_faces_data/train/madonna/masked_httpimagegaladevcmseamadonnaprivatdetektivsquaretopsquarejpgv.jpg
88,madonna,dataset/celeb_faces_data/train/madonna/httpiamediaimdbcomimagesMMVBMTANDQNTAxNDVeQTJeQWpwZBbWUMDIMjQOTYVUXCRALjpg.jpg,3,dataset/celeb_faces_data/train/madonna/cropped_httpiamediaimdbcomimagesMMVBMTANDQNTAxNDVeQTJeQWpwZBbWUMDIMjQOTYVUXCRALjpg.jpg,dataset/celeb_faces_data/train/madonna/cropped_httpiamediaimdbcomimagesMMVBMTANDQNTAxNDVeQTJeQWpwZBbWUMDIMjQOTYVUXCRALjpg.jpg,dataset/celeb_faces_data/train/madonna/masked_httpiamediaimdbcomimagesMMVBMTANDQNTAxNDVeQTJeQWpwZBbWUMDIMjQOTYVUXCRALjpg.jpg
89,madonna,dataset/celeb_faces_data/train/madonna/httpssmediacacheakpinimgcomxaaeaaeecccaedfebdbjpg.jpg,3,dataset/celeb_faces_data/train/madonna/cropped_httpssmediacacheakpinimgcomxaaeaaeecccaedfebdbjpg.jpg,dataset/celeb_faces_data/train/madonna/cropped_httpssmediacacheakpinimgcomxaaeaaeecccaedfebdbjpg.jpg,dataset/celeb_faces_data/train/madonna/masked_httpssmediacacheakpinimgcomxaaeaaeecccaedfebdbjpg.jpg
90,madonna,dataset/celeb_faces_data/train/madonna/httpssvagalumecommadonnaimagesmadonnajpg.jpg,3,dataset/celeb_faces_data/train/madonna/cropped_httpssvagalumecommadonnaimagesmadonnajpg.jpg,dataset/celeb_faces_data/train/madonna/cropped_httpssvagalumecommadonnaimagesmadonnajpg.jpg,dataset/celeb_faces_data/train/madonna/masked_httpssvagalumecommadonnaimagesmadonnajpg.jpg
91,madonna,dataset/celeb_faces_data/train/madonna/httpssmediacacheakpinimgcomxffeabacaaejpg.jpg,3,dataset/celeb_faces_data/train/madonna/cropped_httpssmediacacheakpinimgcomxffeabacaaejpg.jpg,dataset/celeb_faces_data/train/madonna/cropped_httpssmediacacheakpinimgcomxffeabacaaejpg.jpg,dataset/celeb_faces_data/train/madonna/masked_httpssmediacacheakpinimgcomxffeabacaaejpg.jpg
92,madonna,dataset/celeb_faces_data/train/madonna/httpssmediacacheakpinimgcomxffabffabbbcfbceaedjpg.jpg,3,dataset/celeb_faces_data/train/madonna/cropped_httpssmediacacheakpinimgcomxffabffabbbcfbceaedjpg.jpg,dataset/celeb_faces_data/train/madonna/cropped_httpssmediacacheakpinimgcomxffabffabbbcfbceaedjpg.jpg,dataset/celeb_faces_data/train/madonna/masked_httpssmediacacheakpinimgcomxffabffabbbcfbceaedjpg.jpg
